episode,avg_return,loss,theta_width_deg
0,4.195100,0.309936,5.00
1,6.462415,1.391483,5.00
2,5.272952,0.911274,5.00
3,5.667543,0.126507,5.00
4,8.636271,3.334766,5.00
5,23.066221,5.445787,5.00
6,41.655836,3.494726,5.00
7,52.077439,5.983310,5.00
8,53.271498,5.955718,5.00
9,60.532697,7.973400,5.00
10,63.713694,11.020033,5.00
11,68.299577,15.857802,5.00
12,73.274036,6.860684,5.00
13,90.578689,4.815834,5.00
14,100.993614,10.092834,5.00
15,86.462427,6.645250,5.00
16,103.695456,18.176304,5.00
17,114.247722,11.678804,5.00
18,150.459655,7.738568,5.00
19,202.343254,6.502453,5.00
20,220.447119,5.392632,5.00
21,222.958997,2.934447,5.00
22,199.812641,2.857394,5.00
23,231.343222,4.983171,5.00
24,173.278902,3.725644,5.00
25,218.158290,9.152312,5.00
26,219.915105,4.095372,5.00
27,217.243490,4.268558,5.00
28,232.596322,1.852238,5.00
29,235.662817,2.337414,5.00
30,196.763416,2.392287,5.00
31,212.286802,4.390798,5.00
32,231.239102,1.667103,5.00
33,211.652792,12.987732,5.00
34,231.759946,5.264248,5.00
35,237.490410,1.523088,5.00
36,194.668657,7.986564,5.00
37,231.408812,0.807505,5.00
38,224.481870,2.155338,5.00
39,236.485194,1.908574,5.00
40,244.552902,1.811997,5.00
41,250.656827,7.690884,5.00
42,253.633873,2.188307,5.00
43,251.766350,1.177669,5.00
44,245.759560,3.491961,5.00
45,173.775837,3.733946,5.00
46,224.096011,3.242345,5.00
47,258.724644,1.548614,5.00
48,262.160114,14.755587,5.00
49,242.155822,4.174607,5.00
50,264.607240,3.244680,5.00
51,248.636146,3.403693,5.00
52,258.939286,2.099069,5.00
53,249.408115,3.172792,5.00
54,263.184048,1.578319,5.00
55,246.943844,1.422013,5.00
56,237.648287,3.999361,5.00
57,258.622040,1.993974,5.00
58,265.830454,2.264658,5.00
59,252.103532,3.581760,5.00
60,256.919538,4.440065,5.00
61,255.466539,2.529462,5.00
62,273.758956,3.149523,5.00
63,270.485424,2.143108,5.00
64,261.066950,2.219730,5.00
65,272.686308,1.554267,5.00
66,260.299812,2.361756,5.00
67,272.599314,2.041042,5.00
68,240.252219,10.584534,5.00
69,272.350374,3.126763,5.00
70,270.433927,19.236392,5.00
71,265.734694,2.050966,5.00
72,213.988791,25.533774,5.00
73,270.408371,2.850165,5.00
74,263.126551,3.371478,5.00
75,277.930052,2.042297,5.00
76,259.422689,11.681890,5.00
77,221.683864,5.035180,5.00
78,247.238862,11.736440,5.00
79,274.904521,2.504694,5.00
80,204.223113,49.076462,5.00
81,233.013329,8.352135,5.00
82,264.085319,14.677980,5.00
83,272.050741,12.678402,5.00
84,250.743540,27.544095,5.00
85,263.455419,2.063005,5.00
86,251.661669,1.553928,5.00
87,260.008075,2.502679,5.00
88,264.809734,27.881267,5.00
89,204.395594,26.633057,5.00
90,258.091206,2.949183,5.00
91,272.400947,3.189704,5.00
92,269.510011,5.142215,5.00
93,222.582915,4.301073,5.00
94,249.871580,23.961992,5.00
95,256.563175,2.920165,5.00
96,268.929960,1.464774,5.00
97,253.369340,22.252928,5.00
98,265.749078,1.342457,5.00
99,224.473521,24.513835,5.00
100,241.297108,5.745103,5.00
101,256.856334,8.397910,5.00
102,245.557550,4.136885,5.00
103,251.838053,17.782240,5.00
104,256.533718,3.141005,5.00
105,243.483964,8.840606,5.00
106,272.019081,3.002039,5.00
107,215.846873,3.592864,5.00
108,245.158274,30.077784,5.00
109,228.751318,3.482482,5.00
110,275.178575,3.135777,5.00
111,235.694330,12.248994,5.00
112,248.151808,3.654546,5.00
113,256.764606,3.062027,5.00
114,263.146788,3.237186,5.00
115,217.460580,55.619050,5.00
116,217.362058,10.911035,5.00
117,232.666633,18.617732,5.00
118,215.139018,4.611586,5.00
119,240.628769,15.499289,5.00
120,187.093360,70.868434,5.00
121,166.921493,9.465961,5.00
122,191.542624,34.846443,5.00
123,240.997833,5.649003,5.00
124,262.734998,2.850035,5.00
125,219.557758,17.835755,5.00
126,256.595624,9.719474,5.00
127,189.355198,8.792453,5.00
128,263.655584,3.670758,5.00
129,214.866225,25.212301,5.00
130,270.218686,4.131782,5.00
131,215.943326,6.576627,5.00
132,203.148935,8.425715,5.00
133,255.303924,25.526133,5.00
134,203.605809,8.906705,5.00
135,188.598372,10.705808,5.00
136,252.391016,7.084323,5.00
137,231.622451,10.747789,5.00
138,259.185249,32.979960,5.00
139,261.958556,36.299310,5.00
140,180.898879,31.161739,5.00
141,235.992902,13.949746,5.00
142,234.990175,11.033494,5.00
143,271.174757,13.527405,5.00
144,218.685841,46.159803,5.00
145,231.752593,29.292448,5.00
146,262.416059,11.126622,5.00
147,208.789856,20.425043,5.00
148,257.260380,8.754338,5.00
149,273.337125,6.224949,5.00
150,179.091477,34.645671,5.00
151,263.435424,7.627843,5.00
152,233.886260,21.858153,5.00
153,227.636663,22.842763,5.00
154,235.198598,9.796366,5.00
155,254.170528,46.539690,5.00
156,224.400001,62.329485,5.00
157,262.773388,21.737861,5.00
158,280.121569,5.355361,5.00
159,275.720681,23.830955,5.00
160,260.140842,37.120738,5.00
161,275.060144,16.466803,5.00
162,312.308089,20.906945,5.00
163,240.160527,76.771416,5.00
164,208.026580,12.196840,5.00
165,253.495469,21.696268,5.00
166,317.309599,14.535409,5.00
167,228.390592,56.028281,5.00
168,245.853945,12.108552,5.00
169,297.574552,20.890370,5.00
170,243.800277,24.922316,5.00
171,331.806742,18.585123,5.00
172,301.473984,35.816598,5.00
173,195.196485,33.960536,5.00
174,231.309486,15.414675,5.00
175,222.485195,58.947954,5.00
176,304.752265,12.544682,5.00
177,310.666779,13.885128,5.00
178,255.934674,42.025056,5.00
179,353.645313,29.531181,5.00
180,312.622967,28.356782,5.00
181,319.372460,20.935448,5.00
182,257.478899,30.109135,5.00
183,318.905883,22.058731,5.00
184,329.557591,12.248762,5.00
185,353.457334,19.577233,5.00
186,356.775517,23.253906,5.00
187,369.288047,24.929796,5.00
188,308.846533,18.352928,5.00
189,329.825433,62.329441,5.00
190,368.235701,51.176722,5.00
191,373.683923,19.852993,5.00
192,379.995856,26.503170,5.00
193,338.041388,122.108663,5.00
194,360.034823,40.630888,5.00
195,369.382733,21.037768,5.00
196,410.037449,33.330996,5.00
197,368.043268,87.208619,5.00
198,464.298392,21.768260,5.00
199,345.939031,51.669926,5.00
200,462.995715,27.198965,5.00
201,489.827776,22.031296,5.00
202,513.560060,11.263770,5.00
203,538.428905,29.256760,5.00
204,485.522941,34.520748,5.00
205,459.159234,65.153066,5.00
206,568.526495,42.756634,5.00
207,594.077099,24.149258,5.00
208,390.175079,54.963371,5.00
209,520.962918,27.716188,5.00
210,508.959228,62.357234,5.00
211,551.480623,20.473734,5.00
212,536.663133,26.026816,5.00
213,510.460591,32.310363,5.00
214,532.271530,42.163784,5.00
215,586.980105,27.439255,5.00
216,659.072153,11.866538,5.00
217,616.892475,10.978768,5.00
218,576.560840,20.084615,5.00
219,663.600835,6.918473,5.00
220,696.720920,14.102928,5.00
221,678.548916,13.439934,5.00
222,645.569599,20.229694,5.00
223,580.150814,79.039232,5.00
224,700.427189,10.131053,5.00
225,723.435636,19.467377,5.00
226,713.672880,12.156688,5.00
227,678.301646,23.734747,5.00
228,621.764396,20.496849,5.00
229,687.318053,12.993402,5.00
230,706.265808,13.566370,5.00
231,641.786889,15.651162,5.00
232,695.303641,10.030493,5.00
233,694.728677,20.969227,5.00
234,686.737606,28.199330,5.00
235,706.020203,10.899047,5.00
236,720.448232,14.474089,5.00
237,663.978928,16.734456,5.00
238,707.238777,7.763657,5.00
239,694.996974,4.965137,5.00
240,654.955639,24.735527,5.00
241,700.868540,15.655897,5.00
242,686.652309,7.904789,5.00
243,653.842073,52.387494,5.00
244,695.419850,10.422641,5.00
245,665.214843,22.300076,5.00
246,688.454109,13.924252,5.00
247,701.539373,15.864743,5.00
248,678.205722,5.947379,5.00
249,691.533077,8.528026,5.00
250,628.580573,14.124419,5.00
251,634.195962,9.012096,5.00
252,723.115677,9.071144,5.00
253,682.865213,8.845758,5.00
254,662.035771,126.526323,5.00
255,678.679002,10.747949,5.00
256,635.283078,11.721066,5.00
257,672.368356,13.934242,5.00
258,670.866529,20.999239,5.00
259,666.203363,15.836408,5.00
260,707.659596,8.490923,5.00
261,716.983294,7.540377,5.00
262,685.155594,19.187226,5.00
263,756.890102,9.929282,5.00
264,713.367161,12.801831,5.00
265,733.038678,15.635068,5.00
266,715.988770,13.666541,5.00
267,700.448055,10.160424,5.00
268,763.189800,11.621273,5.00
269,752.413117,2.979647,5.00
270,680.029079,11.718427,5.00
271,660.819212,11.214469,5.00
272,673.270982,49.942637,5.00
273,707.252978,30.592578,5.00
274,712.929087,19.462381,5.00
275,725.873001,12.417991,5.00
276,699.172196,22.750036,5.00
277,695.750954,8.966710,5.00
278,717.587869,19.858285,5.00
279,648.027426,21.185654,5.00
280,707.895550,13.545461,5.00
281,720.048565,15.069682,5.00
282,770.995468,8.579253,5.00
283,613.886257,13.784792,5.00
284,707.877592,25.792254,5.00
285,697.017590,10.289738,5.00
286,671.074064,9.759021,5.00
287,700.300872,9.313073,5.00
288,660.072678,12.928319,5.00
289,695.714480,6.116328,5.00
290,732.255719,95.660666,5.00
291,741.965192,7.668939,5.00
292,666.446648,16.449520,5.00
293,662.144197,13.254980,5.00
294,724.194026,6.304275,5.00
295,696.108834,6.781632,5.00
296,743.091375,3.191313,5.00
297,711.492682,16.634155,5.00
298,770.198418,5.837288,5.00
299,740.413449,10.650300,5.00
300,698.114001,29.150627,5.00
301,742.440538,16.919082,5.00
302,732.706069,18.164092,5.00
303,776.649272,8.251082,5.00
304,686.673401,39.466095,5.00
305,540.363306,123.119030,5.00
306,749.944036,7.560117,5.00
307,706.443603,8.717233,5.00
308,699.928771,15.313851,5.00
309,753.538282,9.862473,5.00
310,736.442764,12.208981,5.00
311,676.144171,17.552152,5.00
312,712.054715,22.414766,5.00
313,682.731066,28.276121,5.00
314,743.836571,3.617434,5.00
315,731.571795,24.756676,5.00
316,745.322920,10.605750,5.00
317,727.684996,16.279453,5.00
318,768.022529,14.194932,5.00
319,698.762418,60.421883,5.00
320,721.434172,178.683751,5.00
321,747.646806,82.026531,5.00
322,750.864655,5.127096,5.00
323,770.482578,8.637994,5.00
324,649.847463,17.172661,5.00
325,769.412953,3.350553,5.00
326,696.454214,4.463093,5.00
327,752.103577,8.754742,5.00
328,660.862323,14.516879,5.00
329,721.729835,15.259008,5.00
330,723.792207,7.535186,5.00
331,682.415503,9.987286,5.00
332,774.479725,4.968325,5.00
333,677.932704,14.381439,5.00
334,782.858709,4.496515,5.00
335,686.253694,64.843629,5.00
336,765.365820,8.193786,5.00
337,692.474495,2.930162,5.00
338,775.988236,11.228424,5.00
339,686.163333,12.617845,5.00
340,690.318221,10.705408,5.00
341,666.318430,36.347217,5.00
342,655.681668,39.773218,5.00
343,651.422675,27.659175,5.00
344,748.330764,10.000986,5.00
345,684.201728,9.330082,5.00
346,757.363903,5.824158,5.00
347,710.614527,7.510117,5.00
348,722.713027,15.320476,5.00
349,751.593309,10.424309,5.00
350,704.676385,13.262793,5.00
351,642.830963,213.377585,5.00
352,763.047310,12.401987,5.00
353,659.724773,106.006805,5.00
354,766.570881,25.472863,5.00
355,770.355120,13.012962,5.00
356,681.504822,5.679494,5.00
357,687.392449,16.778027,5.00
358,667.934794,27.381933,5.00
359,644.007592,23.094538,5.00
360,713.959942,14.636909,5.00
361,759.778552,11.729222,5.00
362,753.332605,8.406626,5.00
363,757.809040,6.256322,5.00
364,765.677501,2.764632,5.00
365,769.590467,8.821628,5.00
366,782.987175,3.725076,5.00
367,641.372315,37.222945,5.00
368,762.124806,6.661303,5.00
369,643.077086,10.404953,5.00
370,702.346928,29.008804,5.00
371,716.462180,10.909169,5.00
372,698.708405,7.226041,5.00
373,637.230641,7.972902,5.00
374,726.007262,10.997347,5.00
375,665.961855,21.976546,5.00
376,722.134337,4.534583,5.00
377,685.124814,4.764522,5.00
378,705.747666,13.362529,5.00
379,754.421054,25.603387,5.00
380,785.800751,8.323635,5.00
381,731.975567,14.986047,5.00
382,685.501057,8.542670,5.00
383,700.236731,12.240613,5.00
384,737.175381,6.633158,5.00
385,726.835043,4.565679,5.00
386,741.812411,8.130053,5.00
387,714.889809,18.879584,5.00
388,692.095892,6.015685,5.00
389,766.577135,14.311858,5.00
390,730.724045,25.776812,5.00
391,736.578806,15.808229,5.00
392,728.592325,3.407378,5.00
393,762.075314,6.411554,5.00
394,731.333026,5.892571,5.00
395,775.434773,9.626951,5.00
396,769.920089,2.970647,5.00
397,655.411968,19.707481,5.00
398,646.653469,7.504030,5.00
399,642.618181,30.844208,5.00
400,673.749932,18.586541,5.00
401,639.573242,13.922434,5.00
402,468.393019,72.603990,5.00
403,748.258299,13.395733,5.00
404,637.959778,27.038953,5.00
405,685.888826,24.735210,5.00
406,697.917829,18.840109,5.00
407,503.536218,34.228288,5.00
408,534.530093,84.377670,5.00
409,548.603511,50.356137,5.00
410,660.796738,29.915055,5.00
411,623.217455,112.255143,5.00
412,678.228350,19.800236,5.00
413,663.797073,28.191601,5.00
414,624.442768,19.454898,5.00
415,608.973565,56.874364,5.00
416,622.544983,124.051661,5.00
417,690.098797,11.626252,5.00
418,645.552970,41.487219,5.00
419,712.851061,14.785897,5.00
420,687.688203,15.031111,5.00
421,734.290126,9.432403,5.00
422,717.466191,13.682910,5.00
423,730.926379,8.266142,5.00
424,786.420181,3.005642,5.00
425,706.335256,11.880814,5.00
426,736.235954,3.764853,5.00
427,683.780043,107.658335,5.00
428,727.905591,11.802564,5.00
429,743.431040,11.520327,5.00
430,735.256058,21.094282,5.00
431,764.250226,10.185884,5.00
432,681.637795,204.712522,5.00
433,760.410511,3.780186,5.00
434,659.567454,5.591483,5.00
435,783.250505,8.461835,5.00
436,722.206687,13.584262,5.00
437,722.942658,53.595197,5.00
438,762.625280,5.985646,5.00
439,655.523879,72.107565,5.00
440,590.201950,22.602294,5.00
441,586.404687,18.207065,5.00
442,695.008656,13.306486,5.00
443,738.337388,13.977419,5.00
444,664.769888,50.466382,5.00
445,748.637665,4.584372,5.00
446,700.980040,63.067189,5.00
447,689.107722,12.241440,5.00
448,711.091145,13.266383,5.00
449,684.457548,12.155084,5.00
450,704.418678,15.618053,5.00
451,770.460747,5.533796,5.00
452,721.457827,8.855718,5.00
453,749.188451,9.290139,5.00
454,678.718371,92.045882,5.00
455,721.298120,6.498856,5.00
456,634.664400,132.572581,5.00
457,747.917346,8.031177,5.00
458,690.403816,9.105211,5.00
459,635.792488,40.642200,5.00
460,725.995223,239.882235,5.00
461,715.478736,16.189595,5.00
462,670.531598,195.500857,5.00
463,533.425390,78.154757,5.00
464,583.472634,189.958294,5.00
465,697.069607,18.959539,5.00
466,594.762908,32.063180,5.00
467,645.820449,14.827673,5.00
468,705.801852,19.943508,5.00
469,672.355402,13.992720,5.00
470,702.365525,13.562552,5.00
471,720.762200,6.873140,5.00
472,644.514588,100.323359,5.00
473,743.296447,3.289096,5.00
474,664.387634,12.895612,5.00
475,664.736041,14.874334,5.00
476,667.205584,25.641975,5.00
477,661.245372,21.548395,5.00
478,662.054566,7.413923,5.00
479,683.987933,23.822313,5.00
480,758.043506,6.445421,5.00
481,753.263328,5.719916,5.00
482,719.369760,5.735605,5.00
483,614.597971,17.096746,5.00
484,742.806187,6.775938,5.00
485,664.586148,13.077062,5.00
486,740.935573,20.102629,5.00
487,724.588259,18.306259,5.00
488,643.723953,45.812492,5.00
489,718.825916,134.794388,5.00
490,557.961874,43.322514,5.00
491,572.286566,17.438237,5.00
492,652.899268,28.599747,5.00
493,681.959040,20.760873,5.00
494,629.029698,11.308647,5.00
495,737.735737,17.759894,5.00
496,569.698588,17.392374,5.00
497,670.460623,8.242603,5.00
498,720.033909,44.347397,5.00
499,687.240063,14.483162,5.00
500,710.831214,15.846252,5.00
501,645.261194,14.917160,5.00
502,769.109694,27.817033,5.00
503,661.726812,17.146129,5.00
504,729.677534,18.627460,5.00
505,709.540322,9.868384,5.00
506,716.665318,9.879134,5.00
507,679.473298,226.894826,5.00
508,670.945270,16.060616,5.00
509,469.349027,98.289619,5.00
510,593.405013,39.893601,5.00
511,625.325369,30.277150,5.00
512,750.420280,22.290225,5.00
513,773.461248,4.308494,5.00
514,715.301943,7.736569,5.00
515,717.339662,11.037698,5.00
516,797.952263,4.925533,5.00
517,799.530249,5.167575,5.00
518,752.814903,24.091695,5.00
519,705.504473,13.726440,5.00
520,765.729346,4.128715,5.00
521,703.728827,12.392007,5.00
522,768.153619,6.139280,5.00
523,769.873142,4.805468,5.00
524,639.599914,180.128381,5.00
525,802.336803,1.790003,5.00
526,756.240051,6.056568,5.00
527,771.583358,6.081122,5.00
528,752.995837,4.679662,5.00
529,761.264717,4.394258,5.00
530,609.231105,24.577167,5.00
531,652.653413,11.791968,5.00
532,769.130180,5.191468,5.00
533,694.912526,8.888148,5.00
534,701.603455,11.384730,5.00
535,791.251772,8.374332,5.00
536,742.046659,170.028528,5.00
537,799.495209,3.981916,5.00
538,741.662101,9.957279,5.00
539,781.524559,7.537054,5.00
540,736.839040,50.514270,5.00
541,750.560635,3.184203,5.00
542,781.318918,7.027393,5.00
543,778.347588,6.549905,5.00
544,744.505735,18.300353,5.00
545,681.092478,12.098892,5.00
546,721.233488,21.966520,5.00
547,735.331399,7.261574,5.00
548,736.945086,4.061944,5.00
549,792.179140,3.264008,5.00
550,768.204176,5.375635,5.00
551,798.664404,4.069284,5.00
552,768.585999,5.794602,5.00
553,693.786837,10.479902,5.00
554,746.901331,5.662853,5.00
555,707.485940,26.436821,5.00
556,603.601213,8.716382,5.00
557,736.406496,10.411979,5.00
558,744.732079,5.492909,5.00
559,712.852273,6.293481,5.00
560,778.632527,7.560884,5.00
561,701.644240,4.775224,5.00
562,785.635708,8.016063,5.00
563,761.704566,2.955516,5.00
564,795.339657,9.767467,5.00
565,786.930147,4.566564,5.00
566,741.832043,4.912177,5.00
567,775.258188,4.370276,5.00
568,716.633771,10.269183,5.00
569,771.218609,25.184481,5.00
570,763.451722,11.444970,5.00
571,638.825656,8.620004,5.00
572,683.012641,11.206777,5.00
573,744.139506,10.396131,5.00
574,753.255101,9.962588,5.00
575,707.867223,30.294692,5.00
576,741.260211,5.368293,5.00
577,607.903707,24.723333,5.00
578,752.970468,4.445664,5.00
579,656.111274,77.538718,5.00
580,729.209321,10.337847,5.00
581,779.356020,2.324080,5.00
582,756.948599,3.225886,5.00
583,800.383339,2.726098,5.00
584,649.064729,7.558914,5.00
585,690.794903,11.124686,5.00
586,766.066945,3.891009,5.00
587,726.553417,38.428036,5.00
588,739.307123,11.742256,5.00
589,672.445121,10.321459,5.00
590,650.265216,162.969318,5.00
591,719.656256,9.484993,5.00
592,681.348675,6.767186,5.00
593,715.083801,30.428326,5.00
594,781.232256,8.235927,5.00
595,763.000479,4.331555,5.00
596,678.557733,6.922583,5.00
597,772.552082,18.905285,5.00
598,781.633929,14.903992,5.00
599,795.228155,3.341272,5.00
600,650.190300,12.535293,5.00
601,591.715586,84.357561,5.00
602,636.022283,7.490934,5.00
603,781.684180,3.700936,5.00
604,628.936406,115.283543,5.00
605,726.654808,70.785472,5.00
606,749.656814,17.941233,5.00
607,782.704832,8.405288,5.00
608,674.773640,9.843685,5.00
609,774.520971,5.471451,5.00
610,742.822768,6.799138,5.00
611,741.393756,5.291076,5.00
612,691.693238,6.087360,5.00
613,786.064964,8.963977,5.00
614,752.081519,5.543867,5.00
615,746.009125,5.858371,5.00
616,731.228011,10.603591,5.00
617,796.629450,2.816038,5.00
618,753.923973,63.197049,5.00
619,671.374383,10.411172,5.00
620,784.446666,2.731502,5.00
621,755.843376,7.318842,5.00
622,803.607840,1.961534,5.00
623,699.352879,16.651019,5.00
624,676.617258,31.167495,5.00
625,781.032395,2.572100,5.00
626,694.878631,87.910356,5.00
627,742.610419,2.378140,5.00
628,785.122934,7.764622,5.00
629,752.153157,13.600737,5.00
630,714.841224,5.621630,5.00
631,684.895122,11.408144,5.00
632,768.813607,4.343784,5.00
633,726.799519,16.199411,5.00
634,782.633215,9.409719,5.00
635,663.364281,6.152893,5.00
636,799.926538,3.132902,5.00
637,593.939736,27.105383,5.00
638,750.105072,4.371434,5.00
639,753.075730,9.556165,5.00
640,633.571654,11.679498,5.00
641,726.633626,30.293964,5.00
642,729.184392,3.835339,5.00
643,712.154427,6.679626,5.00
644,724.686731,23.925343,5.00
645,714.591952,3.866197,5.00
646,729.606191,125.019482,5.00
647,707.410721,10.900117,5.00
648,757.154504,3.414409,5.00
649,739.982230,13.289787,5.00
650,790.343844,3.512867,5.00
651,634.228746,14.511611,5.00
652,799.625906,3.855775,5.00
653,703.072126,3.503094,5.00
654,788.659289,5.006656,5.00
655,691.905650,7.299419,5.00
656,747.735725,2.958432,5.00
657,750.023849,11.857031,5.00
658,782.289871,2.599793,5.00
659,789.386798,17.127786,5.00
660,758.858516,33.597118,5.00
661,780.378455,6.248686,5.00
662,698.864751,2.918692,5.00
663,746.100602,11.370040,5.00
664,776.837440,7.789664,5.00
665,774.340194,4.194819,5.00
666,752.462314,7.277627,5.00
667,759.142383,4.780055,5.00
668,787.003445,13.634904,5.00
669,770.303481,97.595739,5.00
670,765.947578,2.674104,5.00
671,814.947489,4.198579,5.00
672,747.403606,11.325089,5.00
673,639.025591,68.362107,5.00
674,749.611605,1.865041,5.00
675,725.110428,23.247327,5.00
676,720.969586,9.204675,5.00
677,691.874234,303.572677,5.00
678,721.726065,15.149254,5.00
679,786.056516,4.441976,5.00
680,613.162732,34.577977,5.00
681,770.088854,9.830926,5.00
682,716.652777,108.394592,5.00
683,757.137157,9.181653,5.00
684,786.273491,2.645388,5.00
685,689.677014,117.036028,5.00
686,754.895980,4.879443,5.00
687,753.629154,5.677247,5.00
688,799.637525,12.405902,5.00
689,659.646162,23.615737,5.00
690,781.924561,11.318516,5.00
691,744.103659,8.782986,5.00
692,767.692906,3.235156,5.00
693,679.144592,33.871154,5.00
694,779.873485,5.809231,5.00
695,792.247850,2.975508,5.00
696,662.240534,61.650620,5.00
697,760.888724,4.223530,5.00
698,761.302636,81.665627,5.00
699,746.168438,3.031106,5.00
700,742.033577,50.811473,5.00
701,598.918157,115.697210,5.00
702,780.873844,3.372169,5.00
703,702.946676,5.315817,5.00
704,715.281628,17.029615,5.00
705,669.312036,6.629978,5.00
706,739.215050,4.282124,5.00
707,766.780675,7.500683,5.00
708,715.243200,3.157737,5.00
709,758.487081,2.379472,5.00
710,793.269711,7.844036,5.00
711,642.014688,23.954620,5.00
712,807.307829,5.790292,5.00
713,518.520880,320.171424,5.00
714,763.921251,2.838341,5.00
715,687.048505,10.963894,5.00
716,768.402637,3.116917,5.00
717,786.323364,4.314669,5.00
718,780.718875,2.488293,5.00
719,743.704835,19.582675,5.00
720,643.523142,69.233807,5.00
721,729.551378,7.968424,5.00
722,727.484602,11.377836,5.00
723,782.654047,3.895768,5.00
724,683.581502,60.283172,5.00
725,717.308991,7.760627,5.00
726,596.588061,22.927304,5.00
727,667.241086,68.596235,5.00
728,756.055604,4.909879,5.00
729,670.986813,235.695515,5.00
730,637.200770,67.650832,5.00
731,752.796872,8.306198,5.00
732,716.504964,6.181716,5.00
733,786.204660,3.348962,5.00
734,689.439105,9.302216,5.00
735,688.149172,10.754619,5.00
736,741.361253,5.277851,5.00
737,763.119063,5.910240,5.00
738,755.866104,108.350619,5.00
739,631.441965,36.425607,5.00
740,714.973347,19.301670,5.00
741,710.803897,13.897449,5.00
742,655.711856,10.721109,5.00
743,738.200421,91.592110,5.00
744,715.876542,16.474978,5.00
745,746.691806,13.901224,5.00
746,642.278393,11.869338,5.00
747,766.342261,6.676517,5.00
748,752.254808,8.944807,5.00
749,749.477064,2.984546,5.00
750,750.508585,9.323869,5.00
751,733.804333,259.504436,5.00
752,680.866722,3.697108,5.00
753,668.729909,12.171479,5.00
754,708.670025,15.065449,5.00
755,643.323579,30.055475,5.00
756,653.973456,32.399891,5.00
757,724.565972,14.445611,5.00
758,687.492862,7.395084,5.00
759,669.001326,4.600936,5.00
760,717.981980,47.851775,5.00
761,631.542016,91.466683,5.00
762,725.104716,25.168884,5.00
763,549.100751,105.104410,5.00
764,699.809603,56.100006,5.00
765,618.021959,6.048059,5.00
766,677.981475,43.072182,5.00
767,547.067348,33.237666,5.00
768,677.382043,27.117469,5.00
769,626.329670,33.270150,5.00
770,711.508595,8.172200,5.00
771,732.066529,16.970321,5.00
772,741.071443,7.925463,5.00
773,694.834921,17.656668,5.00
774,718.425252,16.279138,5.00
775,663.328464,94.455024,5.00
776,676.466856,47.005020,5.00
777,666.945695,10.966374,5.00
778,665.997728,38.532225,5.00
779,730.251293,38.390874,5.00
780,726.308721,30.983658,5.00
781,720.430032,40.083067,5.00
782,683.686334,22.397422,5.00
783,686.515771,9.476646,5.00
784,753.042770,107.353027,5.00
785,695.437816,18.299428,5.00
786,752.208597,26.695610,5.00
787,654.683486,14.159242,5.00
788,699.709870,31.603259,5.00
789,730.577127,64.591736,5.00
790,725.928289,8.696742,5.00
791,738.681093,3.263427,5.00
792,779.368008,5.036606,5.00
793,674.722323,6.396500,5.00
794,580.161484,17.596148,5.00
795,598.793980,194.381654,5.00
796,521.248552,58.040946,5.00
797,602.992529,17.567169,5.00
798,666.777944,91.257619,5.00
799,615.614716,24.604844,5.00
800,726.703384,10.953521,5.00
801,570.197456,130.952648,5.00
802,696.768599,11.947384,5.00
803,751.524682,16.461484,5.00
804,619.121256,75.599702,5.00
805,677.237027,32.430777,5.00
806,786.229418,3.715482,5.00
807,728.939413,5.037934,5.00
808,649.035166,6.441344,5.00
809,692.605020,14.231096,5.00
810,735.394735,13.853219,5.00
811,696.055805,57.076025,5.00
812,758.332343,20.115511,5.00
813,685.359635,15.921472,5.00
814,745.551740,22.457007,5.00
815,707.821152,98.152641,5.00
816,711.336088,15.431720,5.00
817,687.917779,150.070541,5.00
818,726.370467,272.318115,5.00
819,743.903942,7.261192,5.00
820,780.960501,4.459640,5.00
821,696.417263,9.886769,5.00
822,779.482835,8.525012,5.00
823,743.031422,16.878402,5.00
824,702.004001,176.094289,5.00
825,744.871343,8.282131,5.00
826,740.732683,9.295945,5.00
827,676.591093,6.026182,5.00
828,725.789241,22.688289,5.00
829,796.427582,5.544544,5.00
830,794.935936,7.413185,5.00
831,785.053200,3.267372,5.00
832,785.280382,5.397597,5.00
833,731.977485,15.193857,5.00
834,680.020281,84.841139,5.00
835,723.380913,8.148828,5.00
836,676.578894,5.554729,5.00
837,669.684211,21.268332,5.00
838,714.901125,23.625240,5.00
839,656.594552,28.307493,5.00
840,781.530006,6.050057,5.00
841,765.212624,16.998762,5.00
842,772.121504,9.608694,5.00
843,728.272341,9.640547,5.00
844,764.293794,8.132018,5.00
845,755.657046,14.324596,5.00
846,795.572422,9.087741,5.00
847,756.267846,4.928317,5.00
848,797.489649,14.426611,5.00
849,662.507437,6.750123,5.00
850,763.557272,9.538550,5.00
851,681.727374,129.012052,5.00
852,799.393297,5.254153,5.00
853,770.667586,3.275213,5.00
854,737.458207,12.914925,5.00
855,713.144788,205.932681,5.00
856,761.283998,20.539757,5.00
857,756.818301,8.546582,5.00
858,776.967002,5.155053,5.00
859,736.672245,7.364868,5.00
860,763.812912,3.757064,5.00
861,769.056807,6.495962,5.00
862,653.184552,97.600498,5.00
863,750.638829,8.532918,5.00
864,775.716821,9.128615,5.00
865,711.275705,127.663115,5.00
866,783.196099,4.616425,5.00
867,719.670509,8.036913,5.00
868,742.795357,48.603140,5.00
869,586.109828,10.430990,5.00
870,702.300877,16.187813,5.00
871,678.037598,11.972945,5.00
872,749.293810,9.009953,5.00
873,650.254129,12.635123,5.00
874,693.007011,32.208816,5.00
875,786.750447,78.088881,5.00
876,794.956234,12.564160,5.00
877,638.676510,306.444951,5.00
878,805.798496,5.411174,5.00
879,710.353541,5.581494,5.00
880,782.766858,5.977980,5.00
881,666.760074,8.026135,5.00
882,807.799929,2.995723,5.00
883,799.327745,3.288295,5.00
884,802.652988,57.957529,5.00
885,674.760100,90.234633,5.00
886,760.975774,3.432249,5.00
887,763.345114,15.492733,5.00
888,708.363460,10.973646,5.00
889,792.751060,14.932119,5.00
890,741.568337,6.256088,5.00
891,811.536200,2.226117,5.00
892,814.286079,4.795602,5.00
893,739.562946,6.682830,5.00
894,782.191846,10.015646,5.00
895,732.721811,12.003541,5.00
896,788.511206,3.895790,5.00
897,768.931644,7.199407,5.00
898,772.135730,7.525930,5.00
899,770.934099,3.200523,5.00
900,617.350784,153.367250,5.00
901,807.957382,5.185353,5.00
902,706.406190,5.646202,5.00
903,799.729656,2.373030,5.00
904,715.341701,4.227536,5.00
905,763.494246,8.969526,5.00
906,699.570118,11.934433,5.00
907,748.221019,9.351620,5.00
908,778.634017,1.648401,5.00
909,773.301938,8.300363,5.00
910,711.257245,8.380942,5.00
911,803.904825,4.010148,5.00
912,738.629353,4.634372,5.00
913,773.382728,6.672316,5.00
914,735.030620,13.743204,5.00
915,782.495653,2.651909,5.00
916,783.744640,1.706076,5.00
917,552.003942,165.625712,5.00
918,776.067593,31.221978,5.00
919,715.761946,33.853090,5.00
920,806.559898,2.729380,5.00
921,772.509830,21.789149,5.00
922,791.990483,3.781802,5.00
923,817.002127,2.770044,5.00
924,774.973318,4.673708,5.00
925,811.416815,2.995609,5.00
926,792.304143,12.340543,5.00
927,647.128406,58.484499,5.00
928,811.571474,7.174453,5.00
929,622.678564,72.230071,5.00
930,779.803189,17.751796,5.00
931,770.694670,4.345952,5.00
932,738.816031,6.983426,5.00
933,800.066851,24.216636,5.00
934,784.291744,10.714002,5.00
935,786.274434,4.475501,5.00
936,676.864057,38.799373,5.00
937,780.688361,1.911224,5.00
938,793.281362,2.221096,5.00
939,721.069468,11.253219,5.00
940,787.467228,11.229866,5.00
941,748.619276,12.690274,5.00
942,774.201310,6.092978,5.00
943,733.965338,206.533154,5.00
944,810.638893,2.803997,5.00
945,744.449481,3.354718,5.00
946,715.832375,2.232674,5.00
947,794.069781,7.760922,5.00
948,734.508339,7.528454,5.00
949,665.892712,30.513756,5.00
950,693.274634,151.051766,5.00
951,734.971256,10.367612,5.00
952,753.046795,25.057565,5.00
953,801.822836,5.170246,5.00
954,762.238451,2.487025,5.00
955,794.053540,4.803875,5.00
956,691.983942,9.086391,5.00
957,752.183276,7.177727,5.00
958,792.289963,4.252530,5.00
959,764.097502,36.347573,5.00
960,684.655940,11.182556,5.00
961,725.548082,12.064489,5.00
962,759.345086,3.369521,5.00
963,803.591541,2.664323,5.00
964,701.838070,4.358772,5.00
965,744.244714,18.194350,5.00
966,743.749743,33.394744,5.00
967,715.062423,6.655071,5.00
968,778.835616,4.661423,5.00
969,721.467907,106.239002,5.00
970,693.216625,12.299707,5.00
971,763.825051,7.987134,5.00
972,651.718992,13.965090,5.00
973,741.223567,7.574651,5.00
974,798.159668,6.514916,5.00
975,690.346460,131.680423,5.00
976,771.187785,91.028496,5.00
977,798.798058,2.516548,5.00
978,813.344883,3.435839,5.00
979,785.784966,4.050655,5.00
980,748.702064,8.256906,5.00
981,790.094275,4.940560,5.00
982,786.703068,3.060668,5.00
983,777.056038,17.390641,5.00
984,731.002545,11.343124,5.00
985,769.112257,90.370273,5.00
986,660.736798,11.714113,5.00
987,786.590828,2.336690,5.00
988,726.761833,7.190771,5.00
989,792.405556,2.253307,5.00
990,800.117613,26.154583,5.00
991,722.138989,6.490940,5.00
992,626.841523,74.333623,5.00
993,674.408112,11.713174,5.00
994,737.188253,4.300139,5.00
995,791.993410,7.372342,5.00
996,733.518767,40.708501,5.00
997,790.734031,3.327506,5.00
998,787.595114,4.672562,5.00
999,757.346746,3.201531,5.00
1000,821.654194,1.426982,5.00
1001,755.666906,10.076831,5.00
1002,745.472230,14.295570,5.00
1003,769.010223,14.049300,5.00
1004,792.539803,4.430064,5.00
1005,811.919243,4.675976,5.00
1006,627.261623,19.513660,5.00
1007,783.420725,3.685921,5.00
1008,675.340209,87.888801,5.00
1009,755.509508,59.205612,5.00
1010,763.588954,26.096155,5.00
1011,701.138900,3.020431,5.00
1012,702.973648,97.317602,5.00
1013,784.664057,10.096524,5.00
1014,717.327349,3.175653,5.00
1015,779.383183,22.947032,5.00
1016,766.912179,3.640281,5.00
1017,675.095856,13.272884,5.00
1018,715.207297,5.242619,5.00
1019,751.864510,7.698040,5.00
1020,771.363265,67.363406,5.00
1021,773.058196,10.311628,5.00
1022,760.196709,4.841905,5.00
1023,760.238655,101.821886,5.00
1024,797.556622,7.761894,5.00
1025,774.416703,7.448347,5.00
1026,733.663700,6.510245,5.00
1027,808.006355,2.434459,5.00
1028,697.862477,116.422484,5.00
1029,698.895929,13.408059,5.00
1030,787.052243,10.131486,5.00
1031,795.067636,3.239334,5.00
1032,804.869680,3.139420,5.00
1033,667.674743,115.094150,5.00
1034,774.966809,9.897823,5.00
1035,747.650501,29.415484,5.00
1036,486.512144,148.442727,5.00
1037,666.243939,15.699120,5.00
1038,799.098158,3.622305,5.00
1039,786.816628,13.022364,5.00
1040,785.056377,2.255333,5.00
1041,812.250050,3.890340,5.00
1042,756.556180,2.855637,5.00
1043,787.406554,2.271863,5.00
1044,768.518391,9.711007,5.00
1045,742.562494,76.888115,5.00
1046,705.815517,23.146748,5.00
1047,800.657276,15.346418,5.00
1048,724.647147,7.045512,5.00
1049,787.449818,4.405646,5.00
1050,713.705096,9.430298,5.00
1051,787.647858,8.756506,5.00
1052,732.539405,4.852318,5.00
1053,764.843846,4.057491,5.00
1054,803.276741,7.669504,5.00
1055,813.148520,4.345011,5.00
1056,739.550312,1.982522,5.00
1057,700.790151,17.078290,5.00
1058,810.100245,5.924929,5.00
1059,761.238300,6.064938,5.00
1060,796.409322,3.473672,5.00
1061,783.474964,6.718622,5.00
1062,761.852805,2.647308,5.00
1063,819.308575,4.000160,5.00
1064,802.275520,4.628790,5.00
1065,787.796348,4.330431,5.00
1066,799.321371,3.550575,5.00
1067,777.976117,4.391555,5.00
1068,811.653160,4.063545,5.00
1069,673.943761,11.162046,5.00
1070,809.058084,2.523299,5.00
1071,656.981584,151.515702,5.00
1072,786.833966,2.049262,5.00
1073,819.214973,3.328283,5.00
1074,690.940925,12.371818,5.00
1075,797.989458,5.396819,5.00
1076,765.632580,4.869972,5.00
1077,756.577683,3.374032,5.00
1078,818.053110,2.566832,5.00
1079,778.075087,4.523858,5.00
1080,761.938896,4.166287,5.00
1081,773.107341,1.407448,5.00
1082,733.214111,36.994182,5.00
1083,801.928885,15.847541,5.00
1084,812.943233,4.020158,5.00
1085,760.333251,6.282536,5.00
1086,781.697204,2.818534,5.00
1087,799.625280,2.641272,5.00
1088,729.088956,10.665814,5.00
1089,773.668436,6.588014,5.00
1090,692.822490,19.921895,5.00
1091,798.406984,3.240229,5.00
1092,785.596225,82.243934,5.00
1093,615.390634,71.323488,5.00
1094,756.790802,3.472017,5.00
1095,755.220130,11.070418,5.00
1096,777.875643,7.515315,5.00
1097,792.544050,2.200958,5.00
1098,819.001373,5.385943,5.00
1099,748.267880,5.517779,5.00
1100,789.112680,3.107912,5.00
1101,797.368543,2.167118,5.00
1102,769.437853,2.610407,5.00
1103,776.661824,2.535642,5.00
1104,772.435922,2.867843,5.00
1105,814.460302,4.752463,5.00
1106,747.094736,5.157500,5.00
1107,764.713444,44.552602,5.00
1108,764.906606,5.749849,5.00
1109,714.269983,3.800475,5.00
1110,704.186272,34.278395,5.00
1111,783.999309,78.210600,5.00
1112,732.477475,23.727206,5.00
1113,760.888922,5.524416,5.00
1114,764.709413,3.520839,5.00
1115,803.673109,9.518847,5.00
1116,806.428204,4.953435,5.00
1117,751.870951,6.481413,5.00
1118,743.910129,8.560180,5.00
1119,804.951092,10.689435,5.00
1120,766.475348,2.312946,5.00
1121,789.402901,3.684251,5.00
1122,800.094906,4.319513,5.00
1123,750.662967,142.708420,5.00
1124,741.699678,3.514681,5.00
1125,808.947519,2.288399,5.00
1126,717.863156,6.534573,5.00
1127,821.393063,4.347386,5.00
1128,764.561399,4.821391,5.00
1129,782.175591,6.486346,5.00
1130,651.909561,16.188843,5.00
1131,775.725871,6.615832,5.00
1132,785.224517,3.544032,5.00
1133,776.569493,32.988264,5.00
1134,744.388847,6.108536,5.00
1135,792.501766,2.939677,5.00
1136,794.918929,4.150637,5.00
1137,750.056399,79.293482,5.00
1138,576.150491,16.242725,5.00
1139,752.828476,3.107709,5.00
1140,802.503817,3.428437,5.00
1141,728.228620,26.435645,5.00
1142,730.314138,13.008286,5.00
1143,785.553758,4.283168,5.00
1144,817.283482,4.664443,5.00
1145,813.261274,5.324105,5.00
1146,545.173070,173.732930,5.00
1147,650.659194,25.152565,5.00
1148,787.060679,4.321540,5.00
1149,698.917438,177.633526,5.00
1150,714.479440,9.233000,5.00
1151,769.656108,6.696047,5.00
1152,731.638735,5.868105,5.00
1153,784.197384,9.564591,5.00
1154,752.763901,4.575765,5.00
1155,784.187784,3.282068,5.00
1156,791.671635,4.869403,5.00
1157,716.154532,22.046921,5.00
1158,806.119827,38.388404,5.00
1159,712.517929,4.448830,5.00
1160,716.342339,8.467295,5.00
1161,808.226898,5.047835,5.00
1162,734.747893,1.977883,5.00
1163,779.694728,4.261095,5.00
1164,788.497592,2.721488,5.00
1165,817.306232,1.497856,5.00
1166,706.266115,2.423555,5.00
1167,725.998615,2.621178,5.00
1168,797.770079,5.957089,5.00
1169,776.909816,1.806203,5.00
1170,767.494799,4.656990,5.00
1171,734.517720,31.340802,5.00
1172,811.904995,1.931925,5.00
1173,685.834922,6.419923,5.00
1174,806.918776,42.713012,5.00
1175,520.260836,122.369360,5.00
1176,739.227845,3.180776,5.00
1177,773.795591,7.134489,5.00
1178,773.106800,4.968530,5.00
1179,795.968237,5.033064,5.00
1180,665.583932,201.606380,5.00
1181,731.893619,6.454690,5.00
1182,764.355093,2.872112,5.00
1183,818.013624,1.645190,5.00
1184,770.477419,189.268126,5.00
1185,823.578032,2.687699,5.00
1186,768.389601,31.794235,5.00
1187,800.009654,2.011153,5.00
1188,815.405170,1.430267,5.00
1189,703.256019,5.002908,5.00
1190,782.727818,55.061247,5.00
1191,742.627798,116.101545,5.00
1192,761.970083,2.387422,5.00
1193,808.118353,3.272699,5.00
1194,697.225761,74.403016,5.00
1195,787.227706,3.635655,5.00
1196,770.152677,2.642711,5.00
1197,790.553674,1.600635,5.00
1198,820.718306,2.275994,5.00
1199,708.108504,3.071051,5.00
1200,796.706421,1.745493,5.00
1201,777.783739,5.154004,5.00
1202,800.161514,2.370608,5.00
1203,717.640830,14.172788,5.00
1204,719.175534,2.101987,5.00
1205,806.328157,2.938071,5.00
1206,698.499879,108.893632,5.00
1207,809.289518,4.060360,5.00
1208,771.529380,46.985192,5.00
1209,823.877569,2.060140,5.00
1210,804.059245,2.952147,5.00
1211,647.407180,64.233505,5.00
1212,648.008413,569.343571,5.00
1213,744.052362,20.477353,5.00
1214,716.531559,16.815830,5.00
1215,735.885918,8.721528,5.00
1216,638.996436,140.277139,5.00
1217,715.148966,5.021313,5.00
1218,747.071083,5.583780,5.00
1219,785.596956,6.434128,5.00
1220,772.243010,7.786198,5.00
1221,762.040426,57.746177,5.00
1222,816.657387,2.041070,5.00
1223,818.742943,249.435625,5.00
1224,739.188460,1.614943,5.00
1225,774.271152,9.548200,5.00
1226,792.421698,1.762500,5.00
1227,818.881924,1.399630,5.00
1228,672.838899,20.077352,5.00
1229,797.486331,6.584332,5.00
1230,780.101985,10.666977,5.00
1231,711.551837,4.577029,5.00
1232,775.298584,8.698949,5.00
1233,758.692050,5.405410,5.00
1234,710.356695,10.857186,5.00
1235,810.434343,2.815627,5.00
1236,691.418588,18.393640,5.00
1237,743.520651,67.029456,5.00
1238,787.968019,4.803720,5.00
1239,815.666412,3.341780,5.00
1240,815.258543,2.946794,5.00
1241,746.851631,2.541951,5.00
1242,733.814434,50.878307,5.00
1243,779.538511,5.636413,5.00
1244,721.457656,3.620146,5.00
1245,814.256357,2.193522,5.00
1246,774.122546,5.282451,5.00
1247,822.795380,2.192515,5.00
1248,563.472888,264.198657,5.00
1249,805.532577,3.186684,5.00
1250,691.943586,95.315885,5.00
1251,657.176536,3.214797,5.00
1252,805.870552,3.817479,5.00
1253,751.831371,2.454323,5.00
1254,742.448328,28.776724,5.00
1255,751.791432,31.293372,5.00
1256,762.367490,15.815221,5.00
1257,794.774794,7.899484,5.00
1258,755.737703,8.759923,5.00
1259,817.866215,2.483190,5.00
1260,768.126566,2.679375,5.00
1261,811.514185,2.252588,5.00
1262,793.191795,7.424662,5.00
1263,759.526387,8.253903,5.00
1264,813.308071,2.772382,5.00
1265,814.985250,2.266696,5.00
1266,817.651560,1.179204,5.00
1267,340.777031,112.573269,5.00
1268,521.802268,86.673263,5.00
1269,827.198879,6.412807,5.00
1270,749.390109,7.130269,5.00
1271,731.932893,162.761339,5.00
1272,772.880665,91.169997,5.00
1273,794.545714,2.311963,5.00
1274,804.397263,8.206456,5.00
1275,652.046509,10.250861,5.00
1276,793.362362,1.853637,5.00
1277,795.635396,2.755076,5.00
1278,749.587803,3.637340,5.00
1279,783.151733,13.725001,5.00
1280,779.523316,1.592311,5.00
1281,797.409029,1.998463,5.00
1282,788.024253,38.465079,5.00
1283,646.485076,27.733708,5.00
1284,791.223983,44.306545,5.00
1285,763.434189,35.469362,5.00
1286,793.114360,1.516099,5.00
1287,729.056978,5.341735,5.00
1288,789.357664,6.077730,5.00
1289,816.571926,1.239736,5.00
1290,720.931207,12.660124,5.00
1291,793.113005,1.601855,5.00
1292,758.514891,23.665987,5.00
1293,800.306543,2.558040,5.00
1294,821.464378,1.915842,5.00
1295,746.767581,13.529088,5.00
1296,798.312667,2.394296,5.00
1297,804.375166,15.382817,5.00
1298,823.429976,2.746280,5.00
1299,824.650473,2.054277,5.00
1300,642.854577,82.922210,5.00
1301,771.811581,3.480019,5.00
1302,620.715734,15.851297,5.00
1303,670.427591,102.968372,5.00
1304,771.344517,7.094017,5.00
1305,769.260515,6.529981,5.00
1306,713.770260,21.868909,5.00
1307,788.729877,89.265401,5.00
1308,691.808082,3.111738,5.00
1309,803.450911,3.545527,5.00
1310,780.365053,2.546653,5.00
1311,817.896564,1.926507,5.00
1312,740.205060,50.707921,5.00
1313,800.086165,2.900048,5.00
1314,750.507448,70.045577,5.00
1315,826.055660,1.586754,5.00
1316,718.458818,27.275051,5.00
1317,749.643576,155.999451,5.00
1318,766.292857,3.750205,5.00
1319,791.859034,106.611295,5.00
1320,802.689518,1.643238,5.00
1321,797.177285,169.285993,5.00
1322,742.403979,3.825803,5.00
1323,750.552179,32.471175,5.00
1324,738.516245,65.292883,5.00
1325,757.047795,2.874562,5.00
1326,778.875995,13.957142,5.00
1327,773.707435,3.802119,5.00
1328,803.029726,3.177269,5.00
1329,741.159616,44.062597,5.00
1330,786.683458,7.061430,5.00
1331,812.607321,2.474063,5.00
1332,789.393108,2.373384,5.00
1333,795.982791,1.986207,5.00
1334,791.829681,215.230599,5.00
1335,774.771963,2.525945,5.00
1336,681.216753,9.960977,5.00
1337,719.098771,4.339698,5.00
1338,801.816856,10.297564,5.00
1339,786.636442,3.599204,5.00
1340,780.810075,3.484651,5.00
1341,627.892045,84.310791,5.00
1342,667.535169,6.564054,5.00
1343,767.022106,2.764850,5.00
1344,668.558200,3.680177,5.00
1345,739.943020,98.011093,5.00
1346,726.616221,5.604495,5.00
1347,811.601675,3.977231,5.00
1348,748.478255,6.267033,5.00
1349,765.337618,4.339793,5.00
1350,666.946460,9.566727,5.00
1351,746.943923,12.548130,5.00
1352,658.444216,44.008436,5.00
1353,786.714115,5.571415,5.00
1354,673.092016,53.431092,5.00
1355,702.145689,48.701703,5.00
1356,788.712154,21.674785,5.00
1357,754.212934,5.663978,5.00
1358,776.839769,14.480269,5.00
1359,808.757141,1.329142,5.00
1360,733.422284,4.019062,5.00
1361,821.249563,2.928000,5.00
1362,650.194387,328.349652,5.00
1363,771.236231,9.460731,5.00
1364,776.674171,3.188028,5.00
1365,822.072548,2.398514,5.00
1366,808.134998,4.074256,5.00
1367,421.433786,71.998404,5.00
1368,629.915491,17.475464,5.00
1369,744.838446,110.763498,5.00
1370,778.650120,2.642081,5.00
1371,731.544714,3.967208,5.00
1372,756.651840,12.842949,5.00
1373,812.869848,10.601894,5.00
1374,737.714923,7.565464,5.00
1375,801.376318,2.481182,5.00
1376,825.382030,2.281132,5.00
1377,811.885599,2.456774,5.00
1378,513.381065,106.676955,5.00
1379,698.651854,2.428065,5.00
1380,671.117955,6.607332,5.00
1381,794.779066,1.599509,5.00
1382,710.358241,15.646497,5.00
1383,769.082176,6.275141,5.00
1384,613.867605,11.923984,5.00
1385,749.648070,7.173787,5.00
1386,787.340066,2.532071,5.00
1387,792.638436,91.806127,5.00
1388,657.257098,13.083240,5.00
1389,809.291574,10.145509,5.00
1390,784.726395,3.037873,5.00
1391,718.363836,6.570785,5.00
1392,802.020733,3.314168,5.00
1393,739.548298,5.981980,5.00
1394,659.926229,27.102928,5.00
1395,785.290826,4.967755,5.00
1396,525.701426,112.473989,5.00
1397,785.245150,2.224511,5.00
1398,720.944870,5.179056,5.00
1399,812.253710,2.095236,5.00
1400,762.925522,2.745113,5.00
1401,744.499215,3.924099,5.00
1402,809.374664,4.576609,5.00
1403,768.604170,3.126671,5.00
1404,800.960586,1.152537,5.00
1405,734.116874,127.181500,5.00
1406,726.460798,67.260122,5.00
1407,814.846987,2.586630,5.00
1408,718.182427,4.915955,5.00
1409,750.237327,7.880779,5.00
1410,761.840303,20.952770,5.00
1411,784.140263,12.178660,5.00
1412,789.834765,10.363883,5.00
1413,674.021574,115.979332,5.00
1414,776.293315,2.621338,5.00
1415,716.178834,16.986140,5.00
1416,675.703382,4.965029,5.00
1417,656.129897,14.795040,5.00
1418,776.996945,24.714054,5.00
1419,812.007252,2.295628,5.00
1420,782.683858,2.605023,5.00
1421,758.458107,176.435665,5.00
1422,726.100572,35.714582,5.00
1423,771.945876,12.707043,5.00
1424,768.948728,54.396814,5.00
1425,751.762909,2.253857,5.00
1426,787.773131,1.909139,5.00
1427,814.265640,2.221824,5.00
1428,661.990662,6.782635,5.00
1429,696.990346,3.275108,5.00
1430,743.315757,5.300398,5.00
1431,811.093683,1.852557,5.00
1432,747.045709,13.455152,5.00
1433,726.058627,200.308974,5.00
1434,816.295942,2.034066,5.00
1435,627.055412,204.720501,5.00
1436,771.997390,5.949897,5.00
1437,660.549335,15.805298,5.00
1438,730.831991,5.917230,5.00
1439,767.253590,4.446456,5.00
1440,688.774867,9.868791,5.00
1441,767.825942,5.423713,5.00
1442,655.198028,12.972168,5.00
1443,805.986486,3.128340,5.00
1444,794.005923,3.851849,5.00
1445,723.859171,37.131025,5.00
1446,772.462428,15.914037,5.00
1447,818.424685,2.702560,5.00
1448,737.777275,12.858303,5.00
1449,766.025036,3.414535,5.00
1450,616.229994,4.438362,5.00
1451,740.191765,4.961399,5.00
1452,696.890818,3.583272,5.00
1453,736.082326,2.822977,5.00
1454,777.065022,17.879632,5.00
1455,814.562370,4.547555,5.00
1456,789.869351,4.663387,5.00
1457,749.957323,3.842406,5.00
1458,818.932695,1.322867,5.00
1459,713.875649,17.166368,5.00
1460,773.629736,19.591088,5.00
1461,815.055237,2.231987,5.00
1462,800.012171,11.090730,5.00
1463,762.724338,4.176122,5.00
1464,781.938021,2.729549,5.00
1465,811.102814,1.230090,5.00
1466,711.557252,5.323115,5.00
1467,745.155584,98.597969,5.00
1468,807.829092,1.666571,5.00
1469,732.742806,238.970043,5.00
1470,788.852557,3.734963,5.00
1471,720.017250,51.617384,5.00
1472,808.855810,1.944300,5.00
1473,694.337968,259.434979,5.00
1474,760.844190,3.541887,5.00
1475,747.107352,34.102415,5.00
1476,771.675543,43.686026,5.00
1477,716.960015,37.162344,5.00
1478,776.716784,7.763547,5.00
1479,692.347483,50.801774,5.00
1480,741.370017,68.066466,5.00
1481,711.872487,95.000967,5.00
1482,757.425701,188.352620,5.00
1483,657.636585,9.657469,5.00
1484,782.968878,17.424289,5.00
1485,743.387229,29.048229,5.00
1486,721.302323,2.987600,5.00
1487,724.414738,3.176959,5.00
1488,692.126168,113.397797,5.00
1489,793.579203,135.992909,5.00
1490,795.243475,1.525633,5.00
1491,769.650605,2.497098,5.00
1492,798.999253,1.329458,5.00
1493,823.978840,1.320088,5.00
1494,764.779041,3.775733,5.00
1495,769.743664,2.016290,5.00
1496,825.648193,5.318257,5.00
1497,777.330823,2.109025,5.00
1498,811.378950,2.275954,5.00
1499,655.323375,128.231164,5.00
1500,824.547804,3.063012,5.00
1501,665.033800,13.077694,5.00
1502,815.006172,3.292086,5.00
1503,725.430703,35.649495,5.00
1504,782.536552,2.447794,5.00
1505,764.563522,4.720028,5.00
1506,721.898076,7.437488,5.00
1507,779.173363,4.432397,5.00
1508,766.714335,2.489487,5.00
1509,813.562321,3.838558,5.00
1510,771.091566,3.957970,5.00
1511,777.921418,2.842807,5.00
1512,819.055027,8.774264,5.00
1513,797.960576,1.823449,5.00
1514,813.702513,21.281494,5.00
1515,693.553710,12.082292,5.00
1516,732.823815,81.782339,5.00
1517,772.433534,3.649115,5.00
1518,679.293909,111.832437,5.00
1519,767.642872,3.602895,5.00
1520,694.961008,18.935450,5.00
1521,787.417766,1.710127,5.00
1522,737.181205,117.948919,5.00
1523,787.841147,3.990748,5.00
1524,743.635831,5.342033,5.00
1525,781.862931,309.437934,5.00
1526,706.092189,6.789615,5.00
1527,790.448309,2.558485,5.00
1528,742.212748,3.153276,5.00
1529,784.978801,3.201136,5.00
1530,779.659508,183.016754,5.00
1531,668.625811,7.637255,5.00
1532,715.956000,18.900528,5.00
1533,786.565555,2.368105,5.00
1534,732.523463,1.968482,5.00
1535,792.666273,2.287088,5.00
1536,766.937217,2.472337,5.00
1537,772.648070,3.047710,5.00
1538,798.922899,1.828732,5.00
1539,754.404987,12.077626,5.00
1540,648.944777,120.169202,5.00
1541,804.279415,8.407001,5.00
1542,761.839501,9.316043,5.00
1543,688.906502,10.842112,5.00
1544,788.282793,19.061195,5.00
1545,822.902155,1.860550,5.00
1546,769.611802,10.180608,5.00
1547,824.400431,11.790108,5.00
1548,687.647101,2.917373,5.00
1549,748.326388,2.970942,5.00
1550,799.526132,1.181690,5.00
1551,772.764421,6.221284,5.00
1552,793.554985,21.124652,5.00
1553,641.551340,10.508398,5.00
1554,759.157185,13.837935,5.00
1555,789.884861,4.310600,5.00
1556,768.243942,5.036169,5.00
1557,657.446907,18.177238,5.00
1558,793.695641,2.267243,5.00
1559,768.787294,4.294958,5.00
1560,783.204947,5.230409,5.00
1561,659.737621,66.455939,5.00
1562,769.650734,3.559556,5.00
1563,788.775029,2.980804,5.00
1564,791.062554,5.762639,5.00
1565,743.288094,10.226638,5.00
1566,706.446894,5.386341,5.00
1567,796.952515,1.794272,5.00
1568,738.505098,14.744273,5.00
1569,796.645312,3.622435,5.00
1570,780.674298,5.838455,5.00
1571,789.766970,3.024107,5.00
1572,775.809432,16.366628,5.00
1573,713.131405,245.544515,5.00
1574,725.046628,3.482362,5.00
1575,720.390480,294.421271,5.00
1576,792.518740,2.984025,5.00
1577,747.957725,8.212293,5.00
1578,770.173195,3.980524,5.00
1579,791.626574,11.571602,5.00
1580,551.767680,267.851310,5.00
1581,785.129286,2.554426,5.00
1582,772.044249,57.167944,5.00
1583,768.579854,5.909132,5.00
1584,728.854863,5.128497,5.00
1585,702.571942,7.910144,5.00
1586,764.010913,6.522175,5.00
1587,754.763334,5.315708,5.00
1588,724.046207,3.996677,5.00
1589,780.275069,5.308396,5.00
1590,809.279762,8.284134,5.00
1591,759.576771,51.091134,5.00
1592,788.486872,2.447806,5.00
1593,743.967139,3.232910,5.00
1594,787.256914,2.577487,5.00
1595,821.564516,1.261811,5.00
1596,641.698620,7.079125,5.00
1597,697.520659,7.582831,5.00
1598,795.863137,3.274405,5.00
1599,799.802536,13.581941,5.00
1600,800.075609,1.840448,5.00
1601,769.883598,5.010434,5.00
1602,716.341764,2.413191,5.00
1603,807.002349,4.042702,5.00
1604,760.798765,2.187262,5.00
1605,588.351241,108.216767,5.00
1606,711.890265,50.278758,5.00
1607,756.867796,5.358301,5.00
1608,727.212906,4.850706,5.00
1609,760.561977,16.203988,5.00
1610,774.171051,11.677176,5.00
1611,758.478819,3.047940,5.00
1612,771.481026,26.444146,5.00
1613,808.543262,2.431998,5.00
1614,808.550400,4.136867,5.00
1615,721.933898,1.435182,5.00
1616,770.769486,2.949793,5.00
1617,762.858300,133.956636,5.00
1618,778.207194,3.290793,5.00
1619,821.374315,1.564199,5.00
1620,735.570542,3.499334,5.00
1621,791.362474,3.109350,5.00
1622,822.160547,1.397488,5.00
1623,749.889841,2.827714,5.00
1624,818.706551,3.764415,5.00
1625,704.416294,9.315430,5.00
1626,797.966492,7.914816,5.00
1627,734.846340,2.149091,5.00
1628,723.386437,52.504292,5.00
1629,782.737516,3.735810,5.00
1630,790.527629,2.339501,5.00
1631,775.154709,4.243816,5.00
1632,753.760895,6.081756,5.00
1633,814.648287,2.892931,5.00
1634,768.941454,12.636966,5.00
1635,755.158649,68.700599,5.00
1636,766.050350,265.697211,5.00
1637,815.468340,1.821676,5.00
1638,795.711568,2.787433,5.00
1639,327.003827,94.065146,5.00
1640,605.870382,39.437966,5.00
1641,746.674745,14.541427,5.00
1642,637.534198,27.879345,5.00
1643,790.658148,2.231846,5.00
1644,795.144965,5.461524,5.00
1645,734.451036,2.900476,5.00
1646,778.925270,13.573471,5.00
1647,735.477182,1.608470,5.00
1648,698.137553,2.587859,5.00
